level,source,reply,post,language,language_variety,reply_id,post_id,majority_vote
2.0,twitter,@USER  @USER Anche per rompere il ghiaccio,@USER Gianca già che ci sei regalale un paio di mutande vah che fuxia e giaguaré 'nzomma... ?,it,it,15902869978243358740,7961696982295378594,1
2.0,twitter,@USER Nonnino! Già sveglio? ??,@USER Non troppo buongiorno,it,it,4652172244294165548,4824587311292975614,1
1.0,twitter,@USER il terrone di essere rimpiazzata,il terrore di essere rimpiazzata,it,it,18161905213580884688,7155693771356046855,1
1.0,twitter,@USER Tanto per non essere banali,"Elly #Schlein: ""Il lavoro deve tornare a essere un tema centrale. Per la destra il lavoro è un favore, per noi è un diritto""

@ultimora_pol",it,it,5855671312721211658,5929177359346716605,1
1.0,reddit,"Se le toghe rosse avessere mandato un avviso di garanzia al virus, ora saremmo in una botte di ferro,","Se solo la società perseguisse l'obiettivo di contenimento con la stessta stregua con cui ha inseguito Berlusconi e le sue mignotte saremmo salvi. /s
Scusate dimenticato /s",it,it,10284801989587274790,12099038560420169473,1
1.0,reddit,Già ti accende la macchina e può sentire se il motore suona bene.,"Dunque il consiglio gettonato di portarsi il meccanico non so che senso abbia, anzi se qualcuno mi dice cosa può fare un meccanico con una semplice occhiata sarei grato.
Quello che mi sento di consigliare è

cercare le vendite dei privati, tanto il rivenditore quasi mai ti da una garanzia reale e si limitano a pulire gli interni per renderla presentabile.
non farti spaventare da macchie sui sedili e difetti estetici minori anzi usali per tirare il prezzo con la consapevolezza che con un po' di detailing la fai tornare nuova (stesso trucco che usano i commercianti)
controllare la documentazione (tagliandi, bolli, manutenzioni straodinarie), capisci quali sono le prossime ""grosse "" manutenzioni, per esempio: revisione bombola gpl, dischi freni, cinghia o catena distribuzione..
fai un giro di prova per sentire come va e verificare l'allineamento delle lamiere eventuali asimmetrie, aria tra i vari pannelli (anche se ultimamente escono già di fabbrica con tolleranze disgustose) per farti un idea se è stata incidentata. Alcuni usano uno lo spessimetro per misurare lo strato di vernice per capire se è stata riveniciata.. Considera che quelli economici non sono così affidabili.
sottrai dal tuo budget massimo una cifra congrua per eventuali sorprese (su una utilitaria 500€ dovrebbero bastare per affrontare più o meno tutto tranne una rottura motore)...",it,it,15991848650180007832,6878336134883742551,1
2.0,twitter,@USER Veramente ce pensa quell'altro. Io sono un mero elemento di disturbo.,"@USER No no è giusto, ce deve sta, la nutri la coccoli la tieni calda, ce deve sta",it,it,3263697220254276145,18184193230015004878,1
1.0,reddit,Rincara la dose dicendole che morirete tutti,"Gli effetti del Covid-19 sulla popolazione : ho un principio di influenza, con temperatura a 37.4. 
Appena mia madre l'ha saputo è quasi andata fuori di testa, è nel panico, sii sta misurando la temperatura anche lei e vuole avvisare le autorità.
Salvatemi.",it,it,3210681809367953482,4625931298966675422,1
2.0,twitter,@USER ?❄️?,@USER ??☀️    ?❣,it,it,11247528056599234420,457436274759233740,1
2.0,twitter,@USER  @USER  @USER  @USER  @USER Non se n'è mai andato: è un componente del PDitta da sempre.,@USER  @USER Io mi sono perso nella  cronologia di  @USER ... adesso è nuovamente nel  @USER ?,it,it,13599020026271593789,12841824500967152638,1
1.0,twitter,@USER Tempo perso in cose inutili. E io pago....!,"#Camera
Respinto in commissione un emendamento di AVS per modificare il nome del ""Ministro del Made in Italy"" in ""Ministero del fare italiano""

@ultimora_pol",it,it,9960698491608353483,8374295896122236596,1
2.0,twitter,"@USER  @USER Effettivamente. Cerca nell'armadio se trovi una striscia lì, persa dopo essersi scucita ?","@USER ?non dovrebbe avere tre strisce? 
#chiedoperunamico",it,it,10568660044232783997,1439242534760018183,1
1.0,reddit,Kaioh-Ken Pastiglie,"Per una discussione mi serve il nome di un farmaco che veniva usato per impedire l'accumulo di energia da parte delle cellule e costringerle a usarla come calore.
Che ha un effetto dimagrante terribilmente efficace ma rischi di morire perche ti cuoci dall'interno, senza che nessun medico possa far nulla.
Ho sentito che veniva usato da bodybulider per perdere avere massima definizione prima di qualche gara e provoca sudorazione gialla che macchia qualunque cosa entri a contatto.
Aiuto?",it,it,457491692921579564,8727623984665906820,1
2.0,twitter,@USER  @USER Tutto in famiglia,"@USER Ah, ma la giornalista trattasi di Ilaria D'Amico. 
Ok. 
Va tutto bene.",it,it,4174365284286873253,7033897647878069845,1
1.0,twitter,@USER Perchè per un canguro è ancora presto.,"Due si candidano in quanto ""ci vuole una donna"" nel #Pd: #Schlein e #DeMicheli. Una sola domanda: perché?",it,it,3984511296452077107,14927487631298501188,1
1.0,twitter,@USER Niente saronno?,"Comunque fuck you Valsugana, vi ho scritto una lettera motivazionale bellissima per entrare nella vostra clinica come tirocinante e son passate due settimane e manco una mail di risposta qualsiasi. 

Basta me ne vado a Beacciano.",it,it,8582060949257759582,13999466197412393302,1
1.0,twitter,@USER Lo scrivo per te … non bere più,"Lo scrivo per tanti idioti che rispondono ai Twitter come le pecore.
Sono un Sovranista, non sono vaccinato, non pagherò la multa e la mia Libertà non è in svendita.",it,it,5881810090518876243,3045493691802176106,1
1.0,reddit,Starà surfando sugli squirt prodotti dalle fighe delle varie prostitute rinchiuso ad Arcore. Chiamalo scemo,Ho notato solo io che Berlusconi da quando è scoppiata l'epidemia è completamente sparito? Si è chiuso in un bunker?,it,it,5478906752054136546,1679217763483684543,1
1.0,reddit,"No grazie, preferisco non sapere di essere infettato.","Nel caso qualcuno fosse curioso, questo è un video su come si effettua un tampone nasofaringeo.",it,it,12383072170277129717,17571549064257738386,1
1.0,reddit,oggi ti puzza il culo!,">Sheryl Sandberg ha fatto simili commenti sulla sicurezza,  sottolineando che ""è un'azienda cinese, se le persone sono preoccupate dei  propri dati penso che ci siano molti motivi per farlo"".
Disse la vacca al mulo...",it,it,9033282269550186760,1894119167367808702,1
2.0,twitter,@USER Quale delle due? ?,@USER Sarà la prima squadra forte che affrontano....,it,it,14235387086314957124,7462581045673427940,both
1.0,twitter,@USER Si può  proporre il ponte Palermo Cagliari già che ci siamo...una spesa unica..compri uno ..paghi tre...no com'è  la storia?,"Salvini ripropone il ponte sullo stretto di Messina, opera imprescindibile per lo sviluppo economico
Condivido e rilancio: contestualmente realizzerei anche il tunnel sottomarino Civitavecchia - Cagliari
Dai non facciamo come al solito la figura dei barboni, pensiamo in grande",it,it,17921102227611080135,13615235974994192540,1
1.0,twitter,"@USER No, ma andarci non è uno dei miei desideri in questo momento. ?",Già stati all'Artigiano in Fiera?,it,it,12979662768096991244,10765217889857901124,both
1.0,twitter,@USER Pezzone degli audioslave,pensieri su cochise?,it,it,1457715404934972674,15318882553031808002,both
2.0,twitter,@USER Attiro più vecchie così...,@USER Ma i capelli sono optional?,it,it,7213436467281141349,17212309861089629397,1
1.0,reddit,Hai scritto 21 e 29 perché li hai contati uno per uno?,"Qui a Singapore hanno cominciato a rompersi le balle anche loro: dopo 10 giorni di un quarto delle persone in bus/metro con mascherina, ieri 3 su 21 e oggi 3 su 29.",it,it,6478106222062563980,10543569204621710499,1
1.0,reddit,"Non credo, finora l'aumento è stato tra i 1000/2000 casi al giorno. Penso ancora 4-5 giorni per arrivare a 100.000. In compenso domani potremmo essere finalmente superati anche sulla carta dall'Iran",Stanotte mi sa che superiamo i 100k. Io per commemorare prenderò del paracetamolo 500.,it,it,6591052851845140780,5168625731641847314,1
1.0,reddit,Se po buccà chi drento?,Siamo sicuri non sia matteo montesi?,it,it,10540907626678455839,1004779540710112239,1
2.0,twitter,@USER  @USER Tarlo mentale.,@USER  @USER Per esiliare dal suo amico sceicco il boy-scout feccia della politica italiana.,it,it,6975849585050914194,10742053278056034849,1
2.0,twitter,@USER  @USER La giustizia e' aliena su questo pianeta!,@USER  @USER Sì ma non è Giusto.,it,it,15962231219628500958,14374185223286279150,1
1.0,reddit,Perché avere delle bottiglie di vino a casa quando c'è il supermercato?,Io non ho mai capito perché si dovrebbero salvare i porno. Perché? Per quando non c'è internet?,it,it,5036061917792258129,16167343742615103161,1
2.0,twitter,@USER I don’t,@USER Non essere così cattivo con lei...❤️❤️❤️,it,it,16985212201485188706,4320113204215146594,1
1.0,reddit,Se i test non farai solo con la tua stima tra le mani rimarrai. /s,"Qualcuno di voi vuole azzardare con delle previsioni? Secondo me i casi continueranno ad aumentare, ed anche parecchio, anche se con il caldo dovrebbe rallentare. A quel punto secondo voi cosa succederà tra una settimana? Potrebbero prorogare la chiusura delle università e delle scuole?",it,it,14854425964142098611,10294703797536010927,1
1.0,reddit,Che ne dici di Myanmar?,"Conoscete parole italiane in cui le lettere “n” ed “m” sono attaccate, in questo preciso ordine (“nm”)? Perché ero convinto che non potessero esistere, e quindi sarebbe meglio scrivere staccati nomi propri di persona come “Gian Marco” e “Gian Maria”. Però mi sto chiedendo se effettivamente sia così.",it,it,7871259135814432605,1387389979920722676,both
2.0,twitter,@USER  @USER  @USER Diventerà un successo quella canzone ☺️,@USER  @USER Buon Compleanno a Marty. ??,it,it,5812261606230189093,8657171621256953093,1
2.0,twitter,@USER ???son sempre in mezzo come il prezzemolo ???,@USER Ma che sei tu lo sfogatoio umano??? ?,it,it,7841042260941017515,955066013186157002,1
1.0,reddit,Copioni,Intanto l'andamento in Francia segue un andamento che sembra speculare a quello nostro di una decina di giorni fa. Attualmente 178 casi con 4 vittime.,it,it,7916655201224424892,9117711307358630712,1
1.0,reddit,"Non era amuchina, bensì lubrificante",Sono dalla dentista. Prima di farmi entrare si è presentata con la mascherina e mi ha messo dell'amuchina in mano. Ok...,it,it,16143875424791040166,4178595591294573730,1
1.0,twitter,@USER Sei una donna  seria ti vorei conoscerti  per amicizia,"Una volta una persona saggia mi ha detto che scrivere è pericoloso, perché non sempre si ha la garanzia che le tue parole saranno lette nello stesso spirito con cui sono state scritte.
—  Jojo Moyes",it,it,1533160137394887569,10274209232461856236,both
1.0,reddit,">Picard per un trekker è una fiumana di godurie...
Pensavo si stesse parlando di prodotti surgelati e mi chiedevo perché mai, uno che fa trekking, dovrebbe trarne goduria. :/","Mi ripeto...
Picard per un trekker è una fiumana di godurie...
Maledetti, mi fanno risentire giovane...",it,it,7556327041522555872,11611645251669047719,1
1.0,reddit,"La soluzione è vederla ora, che sarà grassa, con 4 figli, disoccupata, grillina e col  pizzetto.",Ho idealizzato una ragazza avuta in passato (tanto passato) e ora non mi piace più nessun altra. AMA?,it,it,4629313374876462186,225288318251128266,1
1.0,twitter,@USER Adesso ti adoro io ?,"Vi prego togliete dal vostro vocabolario il termine “devianze giovanili”.
Non possono essere apostrofati così i problemi dei giovani.",it,it,16252794309021202709,7892378751459499909,1
1.0,twitter,"@USER Metterei un ""mi piace""",E se ti mandassi una foto? ?,it,it,7888316588408967420,11369149162983494502,1
1.0,twitter,"@USER Io la quarta dose l’ho dovuta fare già lo scorso giugno, ora riesco a volare","Cugino, trisierato, morto!
Zia tridosata morta!
Cognato triceratopo estinto!",it,it,12676378721740979604,11558390939674521663,1
2.0,twitter,@USER Mi sa di si?,"@USER male è messa male ,molto male.",it,it,1809564958676124831,15313632188181428820,1
2.0,twitter,@USER … trovati un lavoro… no “ trovato “,"@USER Non perdi mai occasione per tacere… ogni giorno ne “ spari “ una per provare che esisti… che “ c’è vita sulla terra “ ma lascia perdere… fatti una vita, cresci, trovato un lavoro…",it,it,14325289729255053535,18387398790699243464,1
1.0,reddit,"Vabbè come quelli da cucine da incubo che si stupiscono che il ristorante va male e poi comprano lammerda che cucinano in un posto pieno di blatte...""non capisco perché i clienti non tornano più"" cit.","La vera domanda è: se ti sei iscritto al programma e quindi sai che devono venire con le telecamere nel tuo hotel/ristorante (il programma di Borghese), perché ca@ @USER non hai pulito bene la camera da letto/cucina?! Ammenoché quello che mostrano è post super pulizia straordinaria e quindi di norma sono ancora peggio.",it,it,11609603629506075583,630286693384318110,1
1.0,reddit,"Direi di sì, aspetta almeno un'altra settimana","Recruiter 15 giorni fa ' Ti scriviamo ad inizio marzo per programmare il colloquio ' 
&#x200B;
Se le scrivessi ora chiedendo aggiornamenti, sembrerei troppo impaziente?",it,it,13051258150452316447,18083945283865270699,1
2.0,twitter,@USER  @USER La lampada antizanzare stona,@USER Attirerò molte critiche ma devo riconoscerlo: sei un Signore!,it,it,16904172624920341880,393080136253742007,1
2.0,twitter,@USER  @USER  @USER Ahahahah..?,"@USER  @USER La Meloni e il Governo useranno,nel caso,i pannoloni (presidi di contenimento -ne avranno scorte)....finché  dura ???",it,it,17502157846068737338,11926712388159445365,1
1.0,reddit,"Si, ma almeno il cazzo buttaglielo dentro","Tra 10 giorni ritornerò in Italia dopo un semestre all'estero. La cosa che mi rende più triste è che quasi sicuramente non rivedrò più una ragazza con la quale sono uscito qualche volta e che forse, in tutt'altre circostanze, sarebbe potuta essere qualcosa in più di un'amicizia, perché ho sempre avuto buone impressioni sul suo interesse nei miei confronti. Conto di rivederla questo fine settimana per salutarci definitivamente, magari resteremo in contatto via social, chissà...",it,it,2564977630664608854,9568837740787623353,1
2.0,twitter,@USER Insomma la gente si deve alzare la mattina per mantenerti (faccio esempio) se mi fate la rivoluzione,@USER Nessuno vuole vietare libertà di commercio e di impresa ma creare un sistema di tutele per i più poveri e far pagare di più i più ricchi per redistribuire.,it,it,18443942209355330178,1096004385442002764,1
1.0,reddit,Prenderne uno per prenderne 100,Punirne uno per educarne cento,it,it,4840715148050485352,13530102438651393123,1
2.0,twitter,@USER Già mi dispiace tanto ??,@USER O che peccato ??,it,it,15664738191177034123,14048408814207322858,both
1.0,twitter,@USER Gli hai dato anche una piccola spinta dietro alle spalle … per agevolare la caduta? ??,"Eri bono, ma poi mi hai detto che preferisci Ligabue a Vasco.

#eribonoma",it,it,3816999479361169791,11137418050832379654,1
1.0,reddit,Quanti morti stiamo facendo?,Quanto PIL ci stiamo bruciando?,it,it,14278385778710598219,10281194885854020219,1
2.0,twitter,@USER  @USER Cosa pretendi da un sovranità no vax? Chen abbia anche un cervello funzionante?,"@USER Rispondono ai Twitter???
Meglio che non parli di idioti e pecore ?",it,it,11499789980177999013,3564946252259166350,1
1.0,twitter,@USER Se devi fare follwer si,Devo pubblicare una foto della figa?,it,it,6876182389500383664,6386761469479287029,1
1.0,reddit,"vai su /r/China_Flu loro saranno felicissimi di ascoltare tutte le teorie del complotto, anche la frenologia sul recettore ACE2 andava alla grande quindi non serve impegnarsi","Si potrebbe fare un sub a parte dove si elencano tutte le teorie cospirazioniste riguardo al Coronavirus? 
Ieri un mio amico asseriva che ci sia già la teoria del complotto per la quale l'America ha voluto colpire la cina e l'Italia per via dell'accordo sulla via della seta.",it,it,8178514984662953460,7954843239286609472,1
1.0,reddit,Basta chiedere ai clienti di andare in giro tipo le ballerine volanti,"Ho una domanda, gestisco un bar all'interno di un museo in Lombardia, il bar ha servizio diretto al bancone ed ha 7 tavolini con un totale di 30 sedute.
Ora mi chiedo dopo che ieri si enfatizzava il discorso ""droplet"" quindi garantire distanza dei fruitori di almeno 1 metro l'uno dall'altro. Come è attuabile in un bar? Chi è preposto al controllo di tale regola? Sarà possibile servire al banco o solo ai tavoli? Grazie",it,it,17520746427191105100,492369763312032140,1
1.0,reddit,Tranquillo che stasera ci risaliamo purtroppo,Siamo ufficialmente scesi dal podio signori,it,it,7580355702657891160,9470135544203662717,1
1.0,twitter,"@USER No, non ne avete mai avuto storie, ma soprattutto una storia","Per giustificarsi escono fuori storie sul Napoli del 1990
Storie sull'Inter del 1950
Storie sul Milan probabilmente del 1899.",it,it,699644003890646908,11899879421757476087,1
1.0,reddit,"> Some patients may have aches and pains, nasal congestion, runny nose, sore throat or diarrhea 
Preso dal sito ufficiale del WHO sul coronavirus. Il naso che cola può essere un sintomo.
&#x200B;
Vabbè dai, almeno non ha la diarrea",Tra l'altro oggi ho anche un amico in panico perché era nella discoteca di Carpi dove è andata a ballare una ragazza potenzialmente a rischio contagio e ora gli cola il naso (che non credo sia un sintomo) ad ogni modo lo scemo si è anche baciato con una ragazza di cui non ricorda nulla... Chi l'avrebbe mai detto che in periodo di pandemia NON ogni buco è Galleria...,it,it,11858972309289678173,8482609725250126267,1
1.0,reddit,"Non si può esportare democrazia in Vaticano signore!
SemiCit.
 URL","Psst ehi bambini veneti
La volete un po' di DEMOCRAZIA?",it,it,10391367793507987684,2968926351009075011,1
1.0,reddit,"Quindi dato che ho un Rolex al polso, sei autorizzato a rapinarmi?","Andare in giro con un Rolex al polso a Napoli lo sanno tutti che non è una best practice. Fare le rapine lo sanno tutti che non è una best practice. Secondo me non c'è UN colpevole, ma solo vittime. Compresi i colleghi del Carabiniere che per i prossimi mesi/anni dovranno lavorarci lì e la comunità che dovrà convivere con quella tensione sociale.
*edited*",it,it,1206181939592110880,7477401530957352384,both
2.0,twitter,@USER Soprattutto Nikla. Tigrotta è più discreta.,@USER Tutti in trepida attesa ????,it,it,15948167978896004945,16971453668517499625,both
1.0,reddit,È così fragile? Pensavo fosse difficile bissare la Delorean,Peccato che il modellino costruito ha la brutta tendenza di smontarsi da solo,it,it,9688064331281294454,13943343828615455796,1
1.0,reddit,"Quelli per cuocere tutti i cibi in tanti modi, duh
O forse questi :p",Che cazzo sono i sedili multicottura della pubblicità Mercedes alla radio,it,it,9901376417448567248,888612363643747745,1
1.0,reddit,Una bionda che abbonda,"Ho sentito una ragazza che diceva ""io sono TANTA"".",it,it,7681944978638246803,16300389213436496259,1
1.0,reddit,Ma poi qualcos’altro della tua vita ti starà comunque sulle palle,Riuscire a farmi degli amici :'(,it,it,17907323798396250315,11854247542220259733,1
1.0,reddit,"che tristezza, sembra l'unica cosa che conti al mondo siano i soldi -.-'
l'avessi saputo prima non avrei sprecato il mio tempo a tentare di farmi accettare per ciò che sono (gay), ma mi sarei subito messo ad accumulare denaro :D","Il punto non è che cosa si mangiano i cinesi a pranzo (sto qua da 5 anni e la roba peggiore che ho visto è il tofu puzzolente, che puzza di merda di cane). Il punto è che un governatore di una regione non può uscire con frasi razziste e qualunquiste, prima di tutto. E di sicuro non può farlo contro uno dei partner commerciali e strategici più importanti. Io conosco qua imprenditori veneti e non che si sono messi a strapparsi i capelli con l uscita di Zaia. Le esportazioni dall Italia alla cina stavano crescendo tantissimo negli ultimi anni. Il veneto piazza un sacco di vino nel mercato cinese. Con ste battute del cazzo rischi di rompere accordi commerciali ecc, perché i cinesi ti dicono che il vino buono lo fanno anche i francesi e non ci serve il prosecco.
Comunque il giorno dopo ha mandato subito una lettera di scuse all ambasciatore cinese, e adesso lo incontrerà a Roma. Si vede che qualcuno gli ha fatto notare che cazzata assurda ha fatto",it,it,10474993252439046566,13001943395368794277,1
1.0,twitter,@USER Un caffè ☕️!!!! Solo un caffè ?,"Ma #Montero per caso ha fatto una fermata a casa Bargiggia ??
Altrimenti non mi spiego tutto questo livore nei confronti della #Juve",it,it,4827129665735165285,14468596749483626397,1
1.0,reddit,"> paghiamo i greci per tenerseli a tempo indefinito
Magari i paesi come la Grecia indebitati fino al collo in piena crisi economica accettano pure...
.. un momento un momento un momento ...","oh no, la nostra stratega di pagare i turchi per tenersi i migranti a tempo indefinito non ha funzionato, chi avrebbe mai potuto prevederlo.
c'è una sola soluzione, chiaramente.
paghiamo i greci per tenerseli a tempo indefinito, o chiunque altro in zona abbia voglia di farlo. 
sicuramente questa volta funzionerà.",it,it,3714509432025276999,255308143867597137,1
1.0,reddit,"> Il cluster di Vò è collegato agli altri del Veneto o a quello di Codogno?
""Al momento non ci risulta"".
Ma, ma Ricciardi ha detto che hanno trovato la ""nota di congiunzione"" (senza spiegarla) e quindi sono un focolaio unico.","Anche Francesca Russo, direttrice della Direzione Prevenzione e sicurezza alimentare del Veneto, sostiene che ""Il virus circolava da molto tempo, ora non serve più cercare chi l'ha portato""
Passaggio chiave dell'intervista:
>Sta dicendo che era impossibile bloccarlo?
>""Esatto. Essendo presente anche negli asintomatici, cioè in persone che stanno bene e non hanno tosse o febbre, non c'erano misure realistiche per proteggere il Paese dall'epidemia. E non sappiamo chi sia il paziente zero dell'Italia: può essere uno straniero, ad esempio un turista tedesco, francese o cinese, oppure un italiano di rientro dall'estero"".",it,it,4587262354479507693,8182077132297058592,1
1.0,reddit,C'è gente che guida la moto in ufficio?,"Rientro in ufficio dopo due mesi: diluvio, gente che ha preso la patente al lunapark, Outlook che crasha ogni 10 minuti, ufficio gelido...  
k bll l vt...",it,it,11326178856097489517,14222935602055790506,1
1.0,reddit,"La ""Karen move"".
Spesso funziona.",Non ho mai avuto problemi a farmi sostituire un prodotto elettronico difettoso in un negozio fisico. Potresti chiedere di parlare col responsabile del punto vendita.,it,it,2866558935812545471,6358833546371152076,1
1.0,reddit,come riesce l'America a buttare ulteriore panico solo lei lo sa.,"Il governo americano dice che l'italia oltre ad essere zona rossa, è a serio rischio attentati terroristici. Cosa non sappiamo?",it,it,4224412406036902847,4712286480051747486,1
1.0,reddit,"> «Chi ha cercato di infondere tranquillità, e li capisco, non ha considerato le potenzialità di questo virus. In quarantadue anni di professione non ho mai visto un’influenza capace di stravolgere l’attività dei reparti di malattie infettive. La situazione è francamente emergenziale dal punto di vista dell’organizzazione sanitaria. È l’equivalente dello tsunami per numero di pazienti con patologie importanti ricoverati tutti insieme. ...
Si ma lui non pensa ai bar chiusi la sera? Perché vuole diffondere paure? Non vuole farci prendere gli aperitivi 1!!1! It's just the flu.","Anche secondo Massimo Galli, infettivologo del Sacco di Milano, il virus gira indisturbato almeno da metà gennaio.",it,it,7078804662830207026,7489313936521549730,1
1.0,reddit,Hanno dato in mano la gestione a TicketOne?,"Ho visto i prezzi dell'interrail per curiosità
Dopo aver visto che per prendere qualsiasi cosa che non sia un regionale c'è bisogno di prenotare il posto e nel 40% dei casi la prenotazione del posto costa più del prezzo del biglietto stesso posso dire che è una grandissima inculata",it,it,15817763508420977203,10282731906424625452,1
1.0,reddit,"No no tranquillo è legittima difesa, come con Stefano o Aldrovandi o Uva","Bhè, credo sia giusto considerando che il proiettile sia entrato dalla schiena. Inoltre, 3 colpi! Non credo sia legittima difesa.",it,it,14017237498418812081,5969871576465133572,1
1.0,reddit,Almeno non era un narcotrafficante,ah proprio un weekend di giovani scienziati Italiani...,it,it,16013385024775975826,4360074657789536204,1
1.0,reddit,"Ti aiuterebbe sapere che, dato che viviamo fisicamente vicino ad una percentuale di gente che delinque più o meno impunemente, l'unica alternativa è farci morire tutti bruciati/seppelliti dai detriti/soffocati da nubi tossiche, però gli dispiace per noi?","Marò e come state tirando il protoleghismo come al solito.
Da napoletano la cosa mi fa schifo e non l'avrei mai fatta. Ma poiché abito nella stessa città è come se l'avessi fatto anche io vero? Perché sto ragionamento non viene fatto in altre zone d'Italia?",it,it,13083017520244062607,5724857037789024993,1
2.0,twitter,"@USER  @USER Ministro, si contenga. Allora, quando torni in radio? Praticamente ormai ti ha intervistato anche la Sentinella del Canavese?","@USER Oggi ti accorgi dell’inflazione? 
Che colpisce a 360 gradi tutti i bilanci, pubblici e familiari e tutto il bilancio dello Stato.",it,it,7787856245661930304,13415829529808365513,1
1.0,twitter,@USER Facessero un servizio su intermerda e i suoi debiti ma figurati hanno il cartonato seduto al tavolone.,"#IlCircolodeiMondiali 
I #Mondiali abbiamo detto.

Dopo 21 minuti di trasmissione, ""ed ora parliamo della #Juventus "" e parte un servizio con musica di sottofondo da film di Dario Argento.

Continuate pure ???",it,it,11998771725444375193,15452154017271209005,1
1.0,reddit,"Del resto lo sanno tutti che in ogni GDR il boss più difficile in assoluto é quello finale, soprattutto se é il più grosso del gioco.","Se trovate più facile l'università che il liceo mi farei serie domande sulla vostra facoltà. D'altronde dovrebbe essere l'ordine naturale delle cose, si cresce, si matura e pian piano si affrontano argomenti più difficili.
La verità è però che tante università non sono altro che un asilo 2.0 per ventenni",it,it,11505263211788103267,15145496112429022382,1
1.0,reddit,Volersi male ad ogni costo eh,"Chiedo per un amico, Secondo voi uno che dovesse volare da Bologna a Parigi di questi tempi potrebbe portarsi dietro due canne senza beccare i cani in aeroporto visto le priorità generali?",it,it,10309176085348017995,15169059911459408271,1
1.0,twitter,@USER Beato te che non ti senti soffocare quando c'è troppa gente..,"Il caffè al bar, lo pago con moneta contante
Se ho bisogno le scarpe, vado in un
negozio, le provo, le riprovo, le compro
A Natale, e non solo, vanno bene mercatini, 
i negozi e le piccole imprese locali.
Ritorniamo alle origini, torniamo a parlarci 
a interagire... de visu.",it,it,6283644142388211856,3037383543302796324,both
2.0,twitter,@USER sogna,"@USER mi aspetto anche io un regalo per favore, grazie !!",it,it,12431617714239409455,11755500963030936367,1
1.0,twitter,@USER ???????‍♀️ da estrema unzione,"Mi confermate che 36,1 è da considerare febbre alta?!?!???⚜️",it,it,2035191926981981266,9408805770120683449,1
1.0,reddit,"Over 80.
Lombardia.
Contatti con un sacco di persone.",Ho notato solo io che Berlusconi da quando è scoppiata l'epidemia è completamente sparito? Si è chiuso in un bunker?,it,it,6187694910865506918,1679217763483684543,both
1.0,reddit,In realtà no perché noi non abbiamo mai messo in quarantena i cinesi,"""La Cina mette in quarantena gli italiani"" 
Cioè, si sta ribaltando la situazione...",it,it,11492500343714452849,2432806416627403091,1
1.0,reddit,Che fortunata ad avere un figlio sempre sul pezzo!,"Mia madre è una donna sveglia ed intelligente.
Stasera abbiamo ospiti, farà dei bocconcini di pollo al curry e peperoni, accompagnati dal riso. Ha la tendenza a farne poco di riso, e quindi le ho chiesto di farne di più, che tanto se avanza a me piace anche freddo.
“Se faccio la tua dose di riso peró non mi ci sta nelle formine che volevo usare per presentare meglio il piatto”
“...non vedo il problema?”
“Il tuo riso è troppo, non ci sta”.
“...metti la quantità che serve nelle formine e poi chi vuole farà il bis?”
“Oh, sì. Vero”.
Mia madre è una donna sveglia e intelligente.",it,it,7533785234591007556,16626886395331853970,1
1.0,reddit,la faccia di lino banfi in fronte,avete tatuaggi? quali?,it,it,12052725809972729004,4520804865264937407,1
1.0,reddit,"Non che sia servito a molto, sembra...","Ho messo in piedi un thread in china flu per spiegare che noi italiani siamo gli unici ad aver bloccato i voli dalla cina al primo cinese positivo e monitoriamo la temperatura agli aereoporti
 URL",it,it,12674379110877124783,12561098575626788279,1
1.0,reddit,"""la mia auto pesa 2 tonnellate, il pedone 70 kg, è meglio se frena lui un momento e mi lascia passare""
&#x200B;
ecologicamente il ragionamento non fa una piega","Auto più costosa = più cavalli = più benzina consumata a far passare i pedoni...
Mi pare ecologicamente giusto non far passare i pedoni se la tua macchina ha più di 200cv...
/s",it,it,6395061022726320747,12802596261741493988,1
1.0,twitter,@USER Rayie,"Una vacanza all'insegna del fascino e della serenità

Abu Dhabi è tutta da vivere

Venite a scoprirla, seguendo il vostro ritmo!

#FindYourPace #InAbuDhabi",it,it,14401413796579297426,11534803039351516013,both
1.0,reddit,Potresti essere uno dei primi a discutere la tesi in mutande.,"Secondo voi che possibilità ci sono che l'emergenza rientri in Lombardia entro un paio di settimane?
La mia università si sta organizzando per le discussioni di tesi a distanza -ci sto sperando tantissimo perché sono all'estero ed eviterei di rientrare a Milano in questi giorni-, MA, se l'emergenza rientra le discussioni si faranno come al solito ma a porte chiuse.
Devo abbandonare le speranze? Mi tocca ritornare in patria?",it,it,4088917524353094583,1236265448438971802,1
1.0,twitter,@USER No perché siamo fuori di testa certificati.,Se posto altre due foto mi mandate al diavolo ?,it,it,10423294332678156256,9838181499890583489,1
1.0,reddit,"Fanno cagare tutti e due ma quelli Pan di Stelle fanno un po' meno cagare.
Comunque nutella biscuits = galletti + nutella, ci eravamo arrivati già decenni di fame chimica orsono.",I nutella biscuit sono una merda ma quelli nuovi dei Pan Di Stelle sono orgasmici.,it,it,10709996288788790791,3078947007140051398,1
1.0,twitter,"@USER Fatto x il ns bene, così non spendiamo soldi e li teniamo x le bollette ...","Ragazzi, ogni sabato piove! E che è? Io comincio a essere complottista.",it,it,15609252204141551532,17101699480099236488,1
2.0,twitter,"@USER Come ho già detto, stamo tutti scarrupati ☺️☺️",@USER io speriamo che me la cavo...,it,it,4379935730836888699,10426144657201928929,1
2.0,twitter,"@USER  @USER -1 -1 +1 = +1
???","@USER Dunque chiariamo...sono metà toscana e metà pugliese ma vivo da due anni e mezzo in Romagna

Quindi? ?",it,it,8064446870187057078,14571755448335103235,1
1.0,reddit,Visualizzare e non rispondere?,"Che si fa per non far languire una conversazione su whatsapp senza sembrare patetici? Preferirei che mi si dicesse chiaramente “non ho voglia di parlare ora/ho da fare” piuttosto che dover portare il peso della conversazione da sola, che palle",it,it,10230930535215515833,12148897515124050857,1
1.0,reddit,Nessuna pietà per social babbo lo snitch,Qualcuno può postare la notizia dell'idiota influenzer/youtubber che ha violato la zona rossa solo per fare video e caricarli sul suo canale per avere visual? Gente del genere sarebbe solo da prendere a sberle,it,it,7002355718145839841,364716304175925363,both
1.0,reddit,certo che questo coronavirus sta stanando un sacco di coglioni,"Se solo la società perseguisse l'obiettivo di contenimento con la stessta stregua con cui ha inseguito Berlusconi e le sue mignotte saremmo salvi. /s
Scusate dimenticato /s",it,it,16675858157400040650,12099038560420169473,1
1.0,twitter,"@USER Ma nooo,Barbara. Era Pirlon che faceva le punte alle matite per ricavare il grafene!","Ho visto cose dell’altro mondo. Orgie di 4 giorni a base di alcol ,SESSO e GRAFENE. C’era anche un PRETE",it,it,4919986079066382405,15909640808401660433,1
1.0,twitter,@USER Si.,Secondo voi il PANINO CON LA MORTADELLA si può considerare OMEOPATICO?,it,it,2344624925279090928,702317291372904372,1
1.0,twitter,@USER e che ne fai del grafene che hai in vena?,"Lo scrivo per tanti idioti che rispondono ai Twitter come le pecore.
Sono un Sovranista, non sono vaccinato, non pagherò la multa e la mia Libertà non è in svendita.",it,it,2186548156715543688,3045493691802176106,1
1.0,twitter,@USER Credi ancora a babbo natale,"Caro Babbo Natale, mi hai silenziato, vero?",it,it,17885304786512091702,12840277770070131661,1
1.0,reddit,">Si è chiuso in un bunker?
essendo un boomer per forza",Ho notato solo io che Berlusconi da quando è scoppiata l'epidemia è completamente sparito? Si è chiuso in un bunker?,it,it,8067559777741395873,1679217763483684543,1
1.0,reddit,Lo sappiamo tutti che prima hai provato Wonderwall ;),"Piccola soddisfazione del giorno: dopo anni ho ripreso la chitarra e da qualche tempo mi esercito...e ho imparato quasi perfettamente la parte ritmica di highway to hell, so che è una cazzata ma mi ha dato soddisfazione",it,it,7829233348808666414,7987151303712675040,1
1.0,twitter,@USER Si e per diventare santa subito,"#donnalisi allora mi sorge un dubbio se Micol non è andata al GF per le telecamere,è andata per riconquistare  Edo D e rompere le palle ad Antonella?",it,it,6122081151389576797,8553934668525359548,1
2.0,twitter,@USER  @USER  @USER Dietro liceo davanti museo ???,@USER Altro mitico travestimento di Fantomas @FabioLisci,it,it,13774786005298998319,527554389017052205,1
1.0,reddit,Scusa ho appena avuto una sincope leggendo il tuo post. Dici che è grave? /s,"Ragazzi/e per piacere non venite qui in cerca di diagnosi. Fatevi visitare dal vostro medico curante, chiamate i numeri preposti, ma non affidatevi a dei completi sconosciuti che non hanno i mezzi e/o le competenze per farlo (corona virus a parte, adottatela come regola generale per favore).",it,it,16848487518880439428,15986361946082174146,1
1.0,reddit,Non hai un mc vicino? È più salutare mangiare li tutti giorni.,"francamente la pasta al microonde sono tentato di provarla perché al lavoro ho quello e basta.
Risparmierei soldi rispetto ai piatti precotti da microonde.",it,it,11658098842295024801,16653175777918050962,1
1.0,reddit,Io sono rimasto a quelli con i Golf 4 grigio perla.,"Quindi senso comune confermato, chi guida Audi e BMW è un coglione.",it,it,4389956713331137748,14672930942777869739,1
2.0,twitter,@USER Capito sì? ???,@USER Una tuttofare ??,it,it,17665996701756597518,7501166755663576500,both
1.0,reddit,È inglese? Sono di base scemi e con il complesso di superiorità.,"Oggi la ritardata della mia collega é riuscita ad essere mega sympa unendo in una sola frase il C. Virus e la mafia per via della mia provenienza sicula. Wow.
such joke
much fun",it,it,12680189878604401746,18298855339031564485,1
1.0,reddit,Direi loro di leggere il vangelo di Luca 13:1-6. Gli è indirizzato.,"Che ne pensate di quegli ultracattolici, convinti che papa Francesco stia distruggendo la chiesa, che si scagliano con la bava alla bocca contro di lui augurandogli di morire a causa del Coronavirus, che ritengono una punizione divina? Come cavolo fanno a definirsi cattolici se augurano la morte a una persona che non gli ha fatto nulla di male? Che fine ha fatto il voler bene al prossimo?",it,it,12210448347044972665,16565537520034275224,1
1.0,reddit,4000$ avevo letto,"Madre mi ha fatto una domanda strana stamane.
""Quanto costa un tampone per il coronavirus!""
E niente, Google non mi ha dato risposta.
Quanto costa allo stato italiano effettuare 1 singolo tampone e riceverne risposta?",it,it,6295243627667993108,14849029575208684856,1
2.0,twitter,@USER Io mi assicurerei del contrario...?,@USER Qualcuno sa come ci si potrebbe assicurare di questo?... ?,it,it,13932824916509766942,17406266981620550655,both
1.0,reddit,"Lebowski? Cioè la porto al bowling, a combattere contro i nichilisti e a distruggersi di White Russian?","organizzati con altri genitori e fate giocare i bambini insieme, poi quando crescono li puoi portare al planetario, li fai giocare al lebowski, li porti a teatro (per bimbi) oppure in giro per le campagne..",it,it,2387683106799630597,10279940017783444627,1
1.0,twitter,@USER se stavo bene mica ero qui,"Ma vii, a livello psichiatrico , come state ?",it,it,8485093943334291855,7926235817378922072,1
1.0,twitter,@USER Attento al femore,"Nel 2023 esce il nuovo film di Indiana Jones sempre interpretato da Harrison Ford: 80 anni! 
Che gli vogliamo dire?",it,it,4603973994291651916,17948825530378828840,1
1.0,reddit,"*Fottuto moralismo in generale
La parte cristianeggiante é soltanto una scusa",Fottuto moralismo cristianeggiante,it,it,10462018945349578152,16379255176565534094,1
1.0,reddit,"Ha più senso il ragionamento che frenare causa un consumo progressivo dei dischi dei freni e delle gomme: il consumo delle gomme genera polveri sottili mentre quello dei dischi comporta una sostituzione proporzionalmente anticipata degli stessi e quindi l'inquinamento dato dalla produzione del pezzo di ricambio.
La scelta ambientalista è frenare il meno possibile.","Auto più costosa = più cavalli = più benzina consumata a far passare i pedoni...
Mi pare ecologicamente giusto non far passare i pedoni se la tua macchina ha più di 200cv...
/s",it,it,12261921827305638030,12802596261741493988,1
1.0,twitter,@USER Quello  per i scarafaggi dovrebbe  andare bene,"La sensibilità che sbandieri #graduidamente su questo social non ti ha suggerito, già che c’eri, di fare un salto a Ischia a parlare con quelli che tu hai trasformato negli ultimi???? #GiuseppeConte sei un’autentica macchietta .. da rimuovere con uno spray.",it,it,8660853111156343949,2306502567302935077,1
1.0,reddit,"Taglio ai polmoni. Senza polmoni non si può morire di polmonite.
black guy pointing finger at head",Dove tagliereste per fare fronte al coronavirus?,it,it,17770688488279751800,10644245602980409727,1
1.0,twitter,"@USER Si

Il Musk(io) lo hanno già tutto adoperato per il presepe",Alla terza volta che si pianta #Twitter va bene mandare una bestemmia come feedback?,it,it,16813718916983401584,6621863004798281614,1
1.0,reddit,Tuo padre è un uomo saggio,"Mio babbo dice sempre: ""trovala orfana""",it,it,9931289976776163029,5977190667122478859,both
1.0,reddit,A 3000 punti coronavirus vinci un biglietto gratis per una seduta di pedicure dal cinese.,"Bollettino della Protezione Civile di oggi:  URL 
Si ""festeggiano"" i 2000 contagiati totali ed i 1000 in Lombardia; 52 deceduti; 149 guariti.
742 ricoverati + 166 in terapia intensiva (quindi circa il 45% dei contagiati è ospedalizzato).",it,it,11902735492634000037,9283656897473442907,1
1.0,reddit,"Mi sa abbiamo tutti avuto lo stesso trauma sociale, una volta usciti dall'isola :D","Fai così: invita questi tuoi amici e dì loro che offri tu da bere e il dolce ( e magari un giro dopo al bar, non so che serata pensi di fare). 
Digli di non farti il regalo ma che per il resto il conto si divide.
Puoi anche attaccare un pippone che il regalo sia lo stare assieme etc etc
&#x200B;
Digressione: da sardo, il ""chi paga cosa"" è stato uno dei traumi sociali più grossi quando sono andato nel barbaro continente.
Da noi chi invita paga. Punto. Invito 10 persone a prendere la pizza per cena? Pago io il conto. 
Siamo al bar e chiamo io il cameriere? Il giro è mio. Allora il prossimo lo fa un altro. E quello dopo un altro. E credimi, è un ottimo modo per finire con un tasso alcolemico piuttosto alto piuttosto in fretta.
&#x200B;
Arrivato a Pisa cominciai ad essere invitato a compleanni in cui mi pagavo la cena e mettevo la quota del regalo. L'invitato pagava boh, la torta? Serate al bar dove ognuno pagava il suo etc etc.
&#x200B;
Questo per dire che è una cosa culturale e molto locale.",it,it,13445025746676793122,16822415573863280985,both
1.0,reddit,un cliente ha recuperato non so come il mio numero personale. Richiedo soccorso immediato.,sono ancora in call ragazzi send eutanasia,it,it,12362197363508914994,17983287614789022640,1
1.0,reddit,All'ingresso in omaggio un comodo metro tascabile,"Luca Zaia il comico
> Coronavirus in Veneto, la proposta di Zaia: “Riaprire musei e cinema ma con distanza di un metro tra le persone”
Qualche giorno fa qualcuno si chiedeva chi sarebbe stata la prima celebrità contagiata. Al di fuori dell'Italia, Luis Sepulveda (l'autore di ""La gabbianella e il gatto""). Considerata la non giovane età (70 anni), speriamo bene.",it,it,17046125725826881438,732865758052127456,1
1.0,reddit,E poi se sei in astinenza dal sesso puoi provare con metodi alternativi LoL,"Madonna bagai, riaprite le palestre o tagliatemi il cazzo, che tutta sta libido mi ha trasformato in un cammello arrapato",it,it,4934917879037915800,12762344047647358653,1
1.0,reddit,Non le chiudono in liguria le chiudono in campania?,Scuole chiuse in Campania quando? lol,it,it,905237976227119896,2530636871780512863,1
1.0,twitter,"@USER Scusa, ho sbagliato vocale, era ""caccole""...","Bleah ho appena sentito la parola con la c, ""coccole""!",it,it,17573030983672170801,12738344882000022003,1
1.0,twitter,@USER La gioia di vi… ah no.,"Anche quest’anno guarderò i vostri alberi di Natale pensando:

ma chi ve lo fa fare?",it,it,7840462069541466104,17218286934062161374,1
1.0,reddit,Io mi sto chiedendo dove sia finita tutta la gente che prima rendeva la metro una costipazione. A piedi? BikeMi?,C'è così tanta gente in metro che il rischio contagio è meno dello 0%,it,it,18189737867917875212,6136925553124996071,1
1.0,reddit,"Stai certamente male, ma molto probabilmente non nei polmoni.","È più di una settimana che sono in autoisolamento (provincia di Milano), non ho avuto né febbre né tosse né raffreddore né mal di gola, ma da 2-3 giorni sento come la necessità di tossire alla fine dell'espirazione pur senza dare il colpo di tosse netto. Devo preoccuparmi? 
Sono un tipo molto ansioso e ipocondriaco. Potrebbe essere l'aria secca di casa visto che cambio poco l'aria?",it,it,14810077150833138951,1796321055434844193,both
1.0,twitter,"@USER Giusto, bisogna uniformarsi ai tempi, i circhi non sono più di moda",Il tour di bonaccini nardella (pulmino elettrico?) Partirà  da Bari. Mi raccomando sul palco Michele Emiliano,it,it,2957700043962959906,12903441351042937581,1
1.0,twitter,@USER è un tema che ti sta a cuore cmq,"la mia temperatura essere tipo: ok parto da 37, salgo fino a 38, poi scendo a 36.6 illudendoti di essere guarita e ritorno a 37.5 per il meme",it,it,4775265474553845411,3351706419049328042,1
1.0,twitter,@USER Credibile quanto una moneta da 3 € …,"Bar a Piazza Carolina: pago il caffè con la #cartadicredito dichiarando: “per dispetto a #Salvini”. Il barista quasi mi abbracciava e baciava. 

Potrebbe essere una forma di protesta dell’Italia civile contro il passatismo evasore del governo!",it,it,17839050751443036096,8372852051422961806,1
1.0,twitter,@USER Grazieeeee faccio senza ?,"Se volete un attacco di bile, un principio di infarto, un ictus sintonizzatevi su  Rai1.",it,it,12311323613480610166,12327589089127030384,1
1.0,reddit,Non svelare i miei trucchi cosi,"Ho un dubbio sulle tette. Questo dubbio mi è venuto dopo aver visto delle tette che in costume sembravano molto più grandi di quanto fossero. Questi sono errori da non fare, quindi: come si capisce se c'è veramente materia o è un inganno ?",it,it,12840805487723803534,8911687171641720073,1
1.0,reddit,Ma io me ne andrei direttamente in Francia a scopare come se il mondo dovesse finire domani e basta.,"Io a fine mese dovrei andare per un paio di settimane in Emilia Romagna, poi una settimana a Bordeaux dal mio ragazzo e poi tornare in Inghilterra per continuare l'università. Secondo voi mi conviene skippzre l'Italia e andare direttamente in Francia?",it,it,10201758524741496291,4182246863848149091,1
1.0,twitter,@USER Ed io sono fuori con amici. Maledette amicizie!!!,Spiace per i non amanti del Football ma oggi giornata molto frizzante in NFL ?,it,it,8806515146477624007,11071951095274193319,1
1.0,twitter,@USER Le Mizuno ?,"Che macchina avete? ? 
(Ho appena comprato la macchina nuova e mi diverte correlare le personalità con le autovetture?)",it,it,16960017177206458004,9439828508304793474,1
1.0,reddit,Scrivi come i professoroni,"Aldilà delle giravolte governative e non, sullo strappo iniziale di Lombardia e Veneto - e della reazione da Roma - si possono dare a questo punto diverse letture. Forse non è per caso che la Liguria di Toti li ha seguiti al volo, e non a caso Sala invece è in prima linea sul fronte del ""tutto fila tutto va bene"". Come ho letto in  articoli linkati qui in questi thread, ogni misura di salute pubblica è anche immediatamente una misura con risvolti politici, nel senso più ampio del termine...e in quello più profano dei calcoli a breve termine (...governo di unità nazionale etc).
Ma sul fatto che la nostra classe politica in blocco abbia fatto una figura  colossale di incompetenza, mancanza di visione e di confusione - esattamente quello che NON vuoi vedere da chi ti governa, di fronte a una crisi - credo  non ci sia da discutere.
Un aspetto sottovalutato della diffusione del virus è che non sarà, azzardo, una situazione da tempi brevi.
Forse questo, insieme certo alla inchiodata comunicativa imposta dai vertici politici e non, spiega un certo calo apparente di attenzione e di allerta.
La percezione collettiva, gonfiata e alimentata ad cazzum, è stata più o meno - ""oddio, arriva e mi mettono in quarantena, mi gonfio casa di roba o resto bloccato a morire di fame "". 
E invece la situazione è seria ma non per quelle ragioni: ma per le possibili conseguenze sul sistema sanitario dovuti al numero di casi che richiedono trattamento. E questi potrebbero continuare per settimane, quindi servirebbe ragionare almeno sul medio periodo, e lì misurare i provvedimenti da prendere ora.
Edit: non so più scrivere",it,it,159164947786136889,18045340422771569615,both
1.0,twitter,@USER Menomale che si è ravveduto,"Renzi: “ricci oggi dice #Renzi disturba, come direbbe alla maestra un bambino  di quarta elementare. Io lo ricordo pochi anni fa che si spenzolava in cori adulativi sulla mia persona”",it,it,13060493841727604536,6945640229171908669,1
1.0,reddit,Probabilmente a mo di io sono io e voi non siete un cazzo.,come si traduce entitled? Una specie di arroganza?,it,it,7539488691515933556,359007761229179682,1
2.0,twitter,@USER ti anniento con entrambi,@USER scegli tu bianchi o neri?,it,it,5588804634089702375,2257238064643361954,both
1.0,twitter,@USER Capirai allora dovrebbero stare tutti al gabbio tutti i partiti da 10 anni  fino ad oggi,Peccato che non si possa denunciare per truffa aggravata un partito che non mantiene le promesse elettorali.,it,it,11333804666224189072,12685626515092742298,both
1.0,reddit,La situazione non è preoccupante  è la frase più ripetuta prima di un'invasione zombie,"What if il governo ha tutti i dati a disposizione ormai da controlli e quant'altro, e sa perfettamente come si evolve la situazione e sa che l'andamento non è preoccupante per casi di contagiati e necessità di ospedalizzazione?",it,it,1910098991632370691,6200782206383500216,1
1.0,reddit,Ho sentito da un blogger che assomiglia molto a Jude Law che la forsizia fa miracoli!,"Amici miei, potete proteggervi dal coronavirus con una soluzione di biossido di cloro:  URL",it,it,474397791409998420,13772995230818626978,1
1.0,reddit,"Oh cristo, preferirei che mi aprissero i polmoni, e non scherzo","Nel caso qualcuno fosse curioso, questo è un video su come si effettua un tampone nasofaringeo.",it,it,8316696099347894782,17571549064257738386,1
1.0,reddit,"si ma bella forza, hanno frenato anche i tamponi...",">In Italia frenano i contagi: lunedì l'incremento dei malati è stato del 16% (258 casi in più) a fronte dell'aumento del 50% registrato il giorno prima. Di questi, inoltre, il 50% è asintomatico (o con sintemi lievi) e in isolamento domiciliare, il 40% è ricoverato con sintomi e solo il 10% in terapia intensiva. ""Un dato confortante"" dice il commissario Angelo Borrelli sottolineando che si tratta di una percentuale che ricalca il dato complessivo: su 1.835 malati, 927 sono in isolamento nella propria casa, 742 ricoverati con sintomi e 166 in terapia intensiva. Sono 149 i guariti, 52 i decessi.",it,it,8042953822964241704,16302263758898016470,1
1.0,reddit,Chiappona in alternativa,"Ciaciona.
O almeno penso che a Roma diremmo così, ma penso si possa usare solo per il sesso femminile",it,it,13042295114884894930,1924498557111155620,1
1.0,reddit,Cancella lo spazio tra la ] e la (,"Mi sembra che ancora non sia stato riportato, comunque anche nella mia ridente Torre del Greco iniziano le ansie pesanti",it,it,1239066701255211946,17239694814309298157,1
1.0,twitter,@USER E li trova?,"Questa ragazza che dialogando con altri tipi in palestra esclama: “io con chi ce l’ha sotto i 25cm non ci vado proprio”

Ma brava eroina?️",it,it,9530789368857545340,3137790644280063108,1
1.0,reddit,Lanciagli addosso i fazzoletti usati /s,"Italiano, lavoro in Francia. Ultima volta nel nord Italia sarà stata nel 2005 per uno stage.
Qui fa freddo, preso raffreddore violento. No mal di gola. No tosse. Starnutisco parecchio.
In ufficio, ad ogni starnuto, il simpatico di turno: ""CORONAVIRUS”.
Aiuto.",it,it,11727315586133661339,17672354307488144282,1
2.0,twitter,@USER  @USER Prenderanno il reddito di cittadinanza,"@USER Mi pongo una domanda: se la gobbentus venisse radiata, come giustamente meriterebbe,  tutti questi lacchè cosa faranno?",it,it,8854873632828096910,4414116674616324165,1
2.0,twitter,@USER  @USER Ovvio è stato detto in TV e la TV non dice bugie?,@USER Io ve lo dicevo che i giornalisti se lo fanno per davvero.,it,it,565292024492303385,3613038691848915463,both
1.0,reddit,E con i guadagni del Lussemburgo...,Comunque è facile pagare i bus per 600 mila persone in Lussemburgo...,it,it,7889327051951419772,10353713379511671808,1
1.0,reddit,Vuoi migliorare la tua vita grazie ai paguri come quel greentext famoso?,Cioè ma è possibile che non riesco a trovare una singola persona in Italia che tiene paguri di terra come animali da compagnia? Capisco che sono animali caraibici ma non pensavo che fossero così poco diffusi,it,it,15092630907500890786,12053836099981966480,1
1.0,reddit,"Vai a fare un esperienza in cina. Usa i white privilege che avresti la'. Fai soffrire il razzismo al tuo ragazzo jappo. Fate un po' di soldi che la' girano, e torni in giappone pensando ""cazzo dopo quell'esperienza io non me ne vado piu' dalla Japonia"".","Considerata la situazione attuale, quanto ingenua e/o stupida sarei a cercare lavoro e volermi trasferire in Europa in autunno, meglio ancora se Italia o Francia?  Partendo dal Giappone e sapendo anche il cinese",it,it,16155693498510497590,2850064009792842564,both
2.0,twitter,@USER  @USER  @USER PIÙ monnezza per tutti,@USER  @USER che sarà operativo nel 2026...e prima che se fa? monnezza pe' tutti???!!,it,it,18392130683005231862,8593319126456509739,1
2.0,twitter,@USER Ti piace?,@USER Mmmm che bel culo,it,it,690708159982087795,14740895360806711009,1
1.0,reddit,Ha sicuramente fatto piú vittime del coronavirus. Gli asiatici stanno tramando qualcosa di losco.... prima gli spaghetti al microonde con ketchup e adesso un virus della madonna ?,"Quanti Italiani sono morti durante la realizzazione di queste ""ricette""?",it,it,14418025248063088205,4744139215692694803,1
1.0,twitter,@USER Sei una bella persona ?,Volevo rinnovare i miei ringraziamenti più sincere mi per le #BimbeDiMorenoeAlex che continuano a lavorare per farci conoscere e supportano i nostri valori di inclusione e tolleranza. NOI SIAMO LORO.. noi NON siamo chi offende…chi sminuisce o chi attacca.  #Pace,it,it,15189855149002636496,954400581630060757,1
1.0,twitter,@USER A cornate! ?,Ma se una persona a lavoro vi dicesse sei una caprona voi come la prendereste !?,it,it,2241328335295699333,16164952083934226902,1
1.0,reddit,"Non che Trump non abbia già dimostrato evidenti problemi di linguaggio, tipici dell'età avanzata. Sarebbe un bel match.","Biden ha evidenti problemi di senilità. In un eventuale confronto con Trump verrebbe sbriciolato. Bloomberg è l'incarnazione di Lord Palpatine. Non sono un fan di Bernie, ma o ce la si gioca con lui o è persa.",it,it,12675994162805584705,5110262296428008719,1
1.0,twitter,"@USER  @USER L’anno cacciato da Sky, solo la Rai poteva riesumarlo…","#Adani non si può sentire dai.
Il più porta sfiga di tutti i tempi come opinionista  @USER .
#AdaniOut",it,it,9561801190578066439,856473992583352234,1
1.0,twitter,@USER Mancano quelli che stanno insieme pur non amandosi.,"Alzi la mano chi  ha  amato qualcuno senza essere  corrisposto. Eh si, l’amore impossibile. Forse gli amori più  sofferti e tormentati son proprio quelli più grandi.

Alzi la mano chi pur  amandosi tra loro, per un motivo o per l’altro, non riescono a stare insieme.",it,it,110951503065107791,3732654630473096494,1
1.0,twitter,@USER Brava! Fallo! C'è n'è un gran gran  bisogno!,Credo che oggi scriverò qualcosa su congresso del Pd e renzismo.,it,it,8495645490393788777,11684652511432219048,1
1.0,reddit,Vero. Manca la Nutella e un ciuffo di maionese come salsa a contorno.,Devo dire che poteva essere peggio,it,it,7906333829592464483,12068356125191434935,1
2.0,twitter,@USER Un pó da cavallo,@USER Che bei coglioni,it,it,15276675242485480973,6704336624706271088,1
1.0,reddit,"No, devi aspettare le 19.30 anche per uscire.",Se parcheggiassi la mia macchina all’interno di Area B a Milano prima delle 7:30 (prima dell’inizio del divieto) posso comunque uscire da Milano poi all’interno della fascia oraria prevista?,it,it,7060186702655038550,7151181422750357385,both
2.0,twitter,@USER Grazie ?,@USER Hai fatto benissimo ? che bella mamma ?,it,it,1864254433926636509,15621374748089248322,1
1.0,twitter,@USER scherza scherza,Non ho ancora letto le sentenze di oggi del Tribunale di Twitter.,it,it,2090714763405942499,8673029279031175941,1
2.0,twitter,"@USER  @USER Sono abituati al "" non ricordo ""","@USER Avrà balbettato ""non ricordo"" ?",it,it,1023726392286098439,523482694209799242,1
1.0,reddit,Quanto hai aspettato una discussione come questa?,"Eccomi!
Sono un appassionato di ""wet shaving"" e collezionista di vecchie lamette (nel senso proprio di lametta incartata singolarmente); non so di preciso quante ne ho ma penso almeno un migliaio... non le ho mai catalogate :(
Non esiste uomo che non possa trovare la combinazione perfetta di strumenti/manualità per radersi senza scannarsi o irritarsi la pelle; è solo questione di fare le cose nel modo migliore per la propria pelle e sperimentare un pochino.
Partiamo dalle cose basilari da NON fare:
- ASSOLUTAMENTE NO schiuma da barba
- NO farsi la barba senza essersi lavato il viso
- NO farsi la barba di fretta
- ASSOLUTAMENTE NO rasoi a 104mila lame multiple rotanti con doppio carpiato dal trampolino più alto
- ASSOLUTAMENTE NO rasoi usa e getta (anche monolama)
Cosa invece, secondo me, è obbligatorio possedere:
- SAPONE DECENTE: all'inizio possibilmente in crema visto che è più facile da montare rispetto al sapone ""duro""
- PENNELLO: vanno bene un po' tutti, io prediligo i sitentici ma uso un po' di tutto: porcello, tasso, cavallo, sintetico...)
- CIOTOLA per montare il sapone: va bene anche una scodella
- LAMETTA (vediamo dopo)
- RASOIO (vediamo dopo)
Una volta lavato bene il viso monti il sapone col pennello prendendone il quantitativo di una nocciolina e poche gocce di acqua (che andrai ad aggiungere man mano che si monta).
Una volta pronta la ""schiuma"" te la spalmi col pennello potentemente in faccia, schiaccia pure senza paura e fai movimenti circolari (non basta appoggiarsi la schiuma in faccia).
A questo punto sembri babbo natale e puoi raderti.
Il segreto è: meno passi il rasoio e meno irriti la pelle. Solitamente si fanno due o tre passate a seconda dei gusti, del risultato e della manualità.
Prima passata: nel senso di crescita del pelo
Seconda passata: obliquamente
Terza passata: contropelo
Personalmente faccio solo pelo e contropelo.
Come fai a sapere il ""senso di crescita del pelo""? Facilissimo: passa la mano sulla barba di un paio di giorni e senti da che parte gratta (questo è il contropelo, il senso contrario è quello di crescita). E' praticamente certo che avrai dei punti in cui il pelo cresce in un senso e in altri in senso contrario... è normalissimo, la ""mappatura"" del viso richiede un po' di tempo ma è quella che fa la differenza.
Tra una passata e l'altra ti rimetti la schiuma sul viso; la pelle deve rimanere costantemente umida (wet shaving... chi l'avrebbe mai detto?)
Questione rasoio e lamette. Ne esistono infiniti modelli; limitandoci ai rasoi di sicurezza si differenziano principalmente in due categorie:
CLOSED COMB: ovvero a pettine chiuso; garantisce una rasatura meno profonda ma più facilmente gestibile (nel senso che tagliarsi è praticamente impossibile o quasi, anche schiacciando).
OPEN COMB: ovvero a pettine aperto: rasatura più profonda con meno passaggi ma, avendo la lama più scoperta, da maneggiare con più cautela (non va premuto sul viso ma si sfrutta il suo peso)
Giusto per chiarezza: non credo sia mai morto nessuno al mondo sgozzato con un rasoio di sicurezza :)
Sia CC che OC possono essere più o meno aggressivi (o profondi) in base a quanto ""espongono"" il filo della lametta.
Per la scelta della lametta anche qui si apre un mondo. La forma è sempre la stessa ma cambia lo spessore, il filo, il trattamento ma soprattutto l'acciaio usato.
Personalmente ho trovato la mia combo perfetta in: rasoio OC molto aggressivo con lametta molto dolce (sembra un controsenso ma non lo è).
Raramente uso dopobarba e quasi mai quelli alcolici (con rare eccezioni)
Che altro dire? Che alla fine la verità è che io mi faccio la barba quasi sempre con rasoi a mano libera vintage perché il loro comfort è iraggiungibile.
Nella mia piccola collezione di rasoi ho una decina di ""mano libera"", una quindicina tra OC e CC, tre shavette (che non uso mai) e un fatastico kamisori (che è bellissimo da vedere e maneggiare ma difficilerrimo da usare)
Se serve altro chiedi pure",it,it,9002569272707188600,9927703142179116661,1
1.0,reddit,Basta non metterlo dove tu sai dove!,"Comunque a me l'ananas piace proprio tanto, non finirei mai di mangiarne quando c'è °:)",it,it,6859858862964169623,11853669944201298733,1
1.0,reddit,">per tutti i drogati di caffe' avete mai provato l'orzo istantaneo?
&#x200B;
Zio, è come dire ""hai mai leccato una figa? Buona eh, però non so, prova a sostituirla con la carta vetrata di tanto in tanto, che costa meno""","per tutti i drogati di caffe' avete mai provato l'orzo istantaneo? Io sto lentamente facendo lo switch , certo non ha lo stesso aroma ma ha quasi lo stesso sapore di un nescafe , un buon orzo biologico poi costa un terzo del caffe' anche se ce ne vuole un po' di piu' per avere la stessa ""forza""",it,it,3945915843498144279,18085984606050760423,1
1.0,twitter,@USER Porcaccia miseria ...non ho la terrazza ...???,"Frasi celebri di film famosi:

""... Non vi preoccupate ragazzi, tra 3 giorni m'ammazzo, mi butto dalla terrazza.""",it,it,8173525950570444551,4219267705690279623,1
1.0,twitter,@USER E certo . Con la pressione fiscale che abbiamo rimarranno in Italia solo i cinesi e gli egiziani .,"Le misure di ""agevolazione del contribuente"", alias condono, costano allo stato oltre 1 miliardo (vedi Documento Programmatico di Bilancio).  Senza queste si poteva aumentare da 2 a 3 mld i fondi (comunque inadeguati) dati alla sanità per l'aumento dei prezzi. Basta condoni!",it,it,17164039023425786733,4282571183500334814,1
1.0,twitter,@USER A me lo mettono sempre in modalità aereo e me ne accorgo solo dopo essermi chiesta come mai non  ricevo le mail di lavoro ....,"Prima di portare il notebook in assistenza, accertatevi che i gatti non abbiano diminuito la luminosità del monitor passeggiando sulla tastiera.

Prego",it,it,13378290050323101176,11236300103531326281,1
1.0,twitter,"@USER Solo una mente ""eccelsa"" potrebbe creare una relazione tra l'aumento del prezzo del gas e la circolazione del contante (o l'obbligo del POS). Ma dove mai ti ha scoperto l'amico Silvio?","Aumenta del 13% la bolletta del gas. Il governo Meloni aveva promesso di dedicare tutte le risorse contro l'aumento delle bollette ma invece si sono dedicati ad aumentare il contante e limitare l'utilizzo del Pos, provvedimenti che per la Corte dei Conti incentivano l'evasione!?",it,it,6100411482346957449,6678462595339328827,1
1.0,twitter,@USER La compagna di babbo natale che sarà molto impegnato sto periodo,"Avete gia’ deciso su quale donna buttarvi il mese di Dicembre?
Sopratutto a chi dedicare,”sei bellissima,diversa,unica” 
Daje che fa’ presto a girare il mese?",it,it,279302136799953530,4570732536120892495,1
1.0,reddit,"Quando lo dirà la maggioranza delle persone
FTFY","quando qualcuno avra' il coraggio di definire un social US parassitario , capiro' che il mondo sta andando nella giusta direzione",it,it,4552496731404807745,13390906219756012723,1
2.0,twitter,@USER Così? d’emblée? ?,@USER Strunz ?,it,it,5623382111703118926,3067091126359723998,1
2.0,twitter,@USER Siamo in ottima compagnia ??,@USER Uguale al tuo..???,it,it,7745357566381758226,12245258018149504903,1
1.0,reddit,">Mi sa che probabilmente ci quarantenizziamo
E se nasce una bambina poi....la chiameremo....Corona!","Mi sa che probabilmente ci quarantenizziamo. La mia ragazza è venuta qui in Belgio col treno da Milano. O stiamo esagerando? Contatti non ne ha avuti, ma se davvero è ovunque e basta incrociare lo sguardo con qualcuno per prenderselo...",it,it,1442662543820583416,541253097942894825,1
1.0,reddit,M-ma il libero mercato europeo!,Gratis... Diciamo meglio che sono pagati con i soldi delle società con sede di comodo lì. In pratica glieli stiamo pagando noi,it,it,14736009073774645474,15051144082008871030,1
1.0,twitter,@USER Mannaggialadroga... USA le gocce...,L'esercito nazista è sul punto di crollare. Apposta i CRIMINALI USA e i loro servi UE strepitano come aquile. I Satanisti che li pagano non lo accettano perchè sarebbe la fine della loro Dittatura Mondiale detta Nuovo Ordine.,it,it,2616124266813447248,17539115194999755505,1
1.0,reddit,rambo t'è caduta la bandana,"Ma nessuno che parla delle minacce a suon di colpi di arma da fuoco alla caserma dei carabinieri? Ne vogliamo parlare? Fossi stato un carabiniere sarei uscito all'esterno con un pm12 e avrei fatto tabula rasa, così poi vediamo se in futuro mai qualcuno si permetta di fare un affronto del genere. Datemi del fascista, ditemi che così faccio il loro stesso gioco, sti cazzi.",it,it,5294803959021646396,4127188764209178883,1
1.0,twitter,@USER Grazie per l’informazione…posso andare a letto tranquilla sapendoti al sicuro “dalla parte giusta”… ma scusa tu chi saresti?!,Da oggi sono ufficialmente un’iscritta al M5S. #DallaParteGiusta,it,it,8793596342129188254,15166726173020555620,1
1.0,twitter,@USER Ma anche si,Mi leccheresti la figa se te lo chiedessi gentilmente?,it,it,15985819287471218724,2026724236652621339,1
1.0,twitter,@USER Contro il potere delle banche è meglio !,Non credo che esista nel mondo civilizzato un altro Paese il cui governo fa la guerra ai pagamenti con carta di credito o bancomat,it,it,16856958995869695592,12440347481004767015,1
1.0,reddit,Ironico che lo chieda tu con il tuo username,"Domanda che non c'entra nulla, come si arriva ad avere 110k euro annui di debito?",it,it,4092243886149381378,7052809677862322774,1
1.0,twitter,@USER E diciamolo,"Lo scrivo per tanti idioti che rispondono ai Twitter come le pecore.
Sono un Sovranista, non sono vaccinato, non pagherò la multa e la mia Libertà non è in svendita.",it,it,1458015100847778173,3045493691802176106,1
2.0,twitter,@USER  @USER  @USER  @USER guarda chw è a dieta il povero pdiota... vive di sola aria e piccolo assegno rdc.???,"@USER  @USER  @USER Prima di parlare, faccia un po' di palestra un PD con quella pancia significa che mangia troppo! ???",it,it,9954440018523839361,3044065223273125996,1
1.0,twitter,@USER È uno dei figuranti a gratisse in monte Mario....uno di loro insomma,"Siamo riusciti a far twettare la AS Roma, in difesa di Damiano, quanto cazzo siamo cafoni",it,it,12060265813653693304,13736144961596263000,1
2.0,twitter,@USER Devo ammettere che ogni volta che la vedo spengo… non li guardo per istinto di auto conservazione ???,@USER Ma non notate che le espressioni sue sono le stesse che xon niki ? Ho sono io che sto vedendo altro???,it,it,16962225492024177094,13268918164449319838,1
1.0,twitter,"@USER Se parli sul serio dammi la tua figa, sei speciale",Posso mandarti una foto della figa?,it,it,6794677258638916499,17523138090480937068,1
2.0,twitter,@USER È la mia ombra…come vedi mi segue anche in bagno…??deve controllare..,@USER carinissima...,it,it,15615219987463498429,11105485630848101915,both
2.0,twitter,@USER  @USER La risposta è nel nome chi scrive: pallone gonfiato,@USER Chi è Bargiggia?,it,it,8072238042250817773,3646463276755959524,1
2.0,twitter,"@USER hai ragione, devo cambiare regalo",@USER dai non me lo dovevi spoilerare così,it,it,6492037401386175429,10704360722010704111,1
2.0,twitter,"@USER Io gli avrei risposto: ""riesci a trovare qualcuno che ti si piglia? Visto che sei qui a rompere no e allora vedi di andartene!""",@USER Ma sta gente ha rotto i maroni... provano sempre a rompere le palle,it,it,12702889517638734775,6489718601691829849,1
1.0,twitter,"@USER Comunque da ubriaco impari in un attimo anche il birmano, soprattutto se l’interlocutore somiglia a Sharon Stone.","Sono molto divertenti i film in cui ovunque le persone parlano la stessa lingua. Ne sto guardando uno con Keneau Reeves in cui nei paesini della Siberia e a San Pietroburgo tutti parlano benissimo in inglese, anche gli ubriachi al bar.",it,it,14160246892871081922,6315268851087764250,1
1.0,reddit,"Che potenzialmente all'americano medio conviene farsi contagiare in Italia dal Coronavirus che negli Stati Uniti, almeno qui sa di non finire in bancarotta.","Il governo americano dice che l'italia oltre ad essere zona rossa, è a serio rischio attentati terroristici. Cosa non sappiamo?",it,it,2640510200825459114,4712286480051747486,both
2.0,twitter,@USER  @USER  @USER Zampini è un luminare… Palmeri invece è un premio nobel. Inarrivabili,@USER  @USER  @USER capito?,it,it,12818435111878726753,10471340637656640859,1
1.0,twitter,@USER Per il ponte dell'Immacolata?,"Carlo #Calenda: ""Sarò in Ucraina, non questa settimana, ma quella dopo. Qui c'è un Paese dove la gente sta combattendo per la propria libertà, morendo di freddo e di fame e noi stiamo a cavillare se aiutarli o no""

@ultimora_pol",it,it,7259667110951844842,15950942533928568791,1
2.0,twitter,@USER  @USER Ah ben tornato,@USER ??‍♂️...i pensieri seri...?,it,it,327593645641887644,4361284155797109967,both
1.0,twitter,@USER  @USER Ha imparato da Arcuri,"Certo che pure #MyrtaMerlino con che faccia torna in tv 
 a #lariachetira?
Dopo che si è scoperto che lancia oggetti, si fa incremare i piedini, prenotare cerette, ritirare vestitini in tintoria, portare cani dal veterinario e se la colazione non è di suo gusto... AIUTO",it,it,10770200173138979662,9212069303300584131,1
1.0,twitter,"@USER Comunisti? E dove li hai visti sti comunisti?
Ammaliato da Silvio ve'?","La spesa sanitaria sul pil nel 2021 è stata il 7,5% e appena il 15% della spesa pubblica, ma i COMUNISTI rompono sempre il cazzo con la storia ""eh ma poi se vai in ospedale devi pagare"".

Ti minacciano con l'ospedale, ma il loro obbiettivo è fottersi lo stipendio da ministeriale.",it,it,15854625015140476227,7016160571539598969,1
2.0,twitter,@USER  @USER Wow non finisci mai di stupirmi???,@USER Monastero tibetano,it,it,18093989267266965819,17257503219040131807,1
1.0,reddit,La colpa è sua per non aver scelto un assicurazione migliore. /s,"URL 
Le ultime 3 righe dell'articolo. Pensava di avere covid, invece semplice influenza. Il conto è di 3k",it,it,14520308493154045628,8934851214214189860,1
1.0,reddit,Cazzo speravo esistesse davvero il subreddit,"/r/dataisictus (il concetto è interessante, ma la realizzazione grafica è un po' oddiomadonna)",it,it,7559517986321119088,869023161580462624,1
1.0,twitter,@USER Smetti di studiare...non serve a niente,E niente. Hanno messo in testa a tanta gente che se tutti pagassero le tasse fino all’ultimo centesimo ne pagheremmo tutti di meno. È esattamente il contrario ma non ci arrivano. Pazienza.,it,it,12993232217343661706,1578763065953456354,1
2.0,twitter,@USER meglio tardi che maiiiiii,"@USER Ti ho appena dato la buonasera di ieri che ti sto dando il buongiorno? sempre in ritardo..
????",it,it,7390015536061003758,7481814903317384103,1
1.0,reddit,"Cancellare Juve-Inter e giocare Juve-Milan 4 giorni dopo. Perché in 4 giorni, si sa, l'epidemia sparisce",Poche ora prima...,it,it,15632796209294347822,10505992640515611419,1
1.0,reddit,"Tra una settimana i dati dei contagiati inizieranno a diminuire, o naturalmente o artificialmente. Entro la fine di Aprile il governo dichiarerà la fine dell'emergenza. Se ce la fa anche a fine marzo per salvare la pasqua","Qualcuno di voi vuole azzardare con delle previsioni? Secondo me i casi continueranno ad aumentare, ed anche parecchio, anche se con il caldo dovrebbe rallentare. A quel punto secondo voi cosa succederà tra una settimana? Potrebbero prorogare la chiusura delle università e delle scuole?",it,it,15900359975000172140,10294703797536010927,1
2.0,twitter,@USER  @USER  @USER  @USER  @USER Sta studiando i passi di danza,@USER  @USER  @USER  @USER Dov'è Correa? ?,it,it,14692590532653645655,8490850783567618914,1
2.0,twitter,"@USER Caro Bibbo, il giornalista non si fa copiando cose a caso da internet senza seguire il senso del discorso. La Cassazione non riaprí la discussione per doping ma per abuso di farmaci leciti usati comunemente. In bocca al lupo per il tuo nuovo lavoro a Roma ci vuole pazienza ?","@USER Come giornalista perdi colpi: “La Corte ha quindi annullato la sentenza di assoluzione della Corte d’Appello.
L'effetto della sentenza è quindi la necessità di svolgere un nuovo processo che però non si farà perché nel frattempo è sopraggiunta la prescrizione del reato.”",it,it,15903373105520672819,13046658234584707050,1
1.0,reddit,Occhio alla frizione però /s,"Nella mia esperienza con le utilitarie non si riesce mai a fare buoni affari se comprate dai rivenditori/concessionari perché la richiesta è molto alta e i prezzi sono esagerati anche per catorci di 12 anni e oltre 150.000 km.
Un consiglio è andare a vedere le auto con un esperto, o farsi accompagnare dal meccanico di fiducia prima di fare l'acquisto così da controllare se tutto è a posto. 
Il miglior modo per acquistare un'utilitaria usata secondo me è tramite conoscenze, le migliori sono quelle di pensionati o anziani: generalmente hanno pochi km sulle spalle, ottima manutenzione, mai spinte, prezzi interessanti perché spesso hanno fretta di vendere.",it,it,17806769245275841401,11851844889763388070,1
1.0,reddit,Tranquillo che entro domani l'Iran ci butta fuori dal podio,"Scopro ora che siamo la terza nazione al mondo per numero di contagiati. Qualcuno può spiegarmi come minchia sia potuto succedere?
Sapevo che la situazione era seria in Italia ma non pensavo a tal punto.
Secondo la OMS siamo al terzo posto, con ben 1689 casi. (dati sulle altre regioni qui)
Al secondo posto in Europa c'è la Germania, con 129 casi. 
Come siamo diventati il terzo paese al mondo con più contagiati, superando pure paesi che sono letteralmente attaccati alla Cina? Sono veramente demoralizzato",it,it,2613930440449136029,12978432705767851292,both
1.0,reddit,"Naaaaaaaa, è tutto sotto controllo, anzi, secondo me salgono. Chi non investirebbe in un continente che fa finta di niente anche se c'è un nuovo virus che si diffonde tra la gente. Non siamo mica la Cina noi eh... /s","Sto pensando a quando apriranno le borse domani.
Prevedo stangata pesante.",it,it,15751448431637498129,14256576158198611348,1
2.0,twitter,@USER *Adani,@USER Adamo è invasato,it,it,11775364620336453536,15884684554146624669,1
1.0,twitter,@USER E aggiungerci 6 zeri. Ma è un tweet per intenditori,"Abbiamo ironizzato tutti sul caffè a 2 € di Salvini, però mettetevi nei suoi panni: se avesse parlato di prelievo bancomat, diciamo di 50 €, e di caffè da 1 €, quanti di noi si sarebbero trattenuti dal chiedergli l'ammontare del resto? ?",it,it,2921101967070506513,3299146096786930181,1
2.0,twitter,@USER Para las reketonas ??,@USER PURO SEXXXXXXXXXXXO,it,it,15365808859389547757,6139907667337091232,1
1.0,reddit,"Oh, no. È pure vecchio. Mi dispiace tanto!","abbiamo la prima ""celebrity""  URL",it,it,9812969791193333264,16348170801654468101,1
1.0,twitter,"@USER Beh io vedo un obbligo vaccinale da parte di #zanzarologi vari, che poi ti dicono che la curano con #antiinfiammatori. Io uso la #dioxidodecloro","Durante il mio dottorato ricordo meeting di ore con esperti di altri settori( fisici, immunologi, chimici) per comprendere implicazioni dei risultati etc. Qui su Twitter vedo esperti tuttologi che interpretano qualsiasi tipo di lavoro scientifico. Sicuro sono lento io",it,it,17897361568518334588,13317936615694554249,1
1.0,reddit,"Se fosse cosí avrebbero dei buchi.
Thread rilevante su /r/fitness
 URL",Non penso riuscirei a indossare un pantalone pluriscorreggiato da un altro.,it,it,14706917304141168534,13704388241708840901,1
1.0,reddit,Loro sapevano...,"L'AVIS è stata fondata nel 1927.
Sono stati fortunati che abbiano scelto come nome quell'innaturale Associazione Volontari Italiani del Sangue anziché un più moderno Associazione Italiana Donatori di Sangue.",it,it,11313532346754132879,13846894291619542635,1
1.0,reddit,Visto che ti ritieni più informato de “l’elettore medio in Italia” potresti gentilmente spiegare te il perché di quei numeri ?,"Io voterò no, sostanzialmente perché per il sistema elettivo che abbiamo attualmente tagliare i parlamentari significa buttare nel cesso il sistema di rappresentatività.
Al contempo sono pienamente convinta stravincerà il sì, movimento 5 stelle e soci hanno fatto troppa pubblicità al fatto che ""ci siano troppi parlamentari e senatori"", e come sappiamo l'elettore medio in Italia non ha troppa voglia di informarsi sul perché i numeri siano quelli.",it,it,16783559436551036703,11067980993091954352,1
1.0,reddit,"> la stronzaggine diminuisce e i voti reciproci si alzano tanto più ci si allontana da Milano
Ti consiglio di vederti quel capolavoro di episodio con i calabresi","Dopo l'impulso dato dalla ""novità"", non riesco più a guardare questi programmi. Come dici tu, si ha il 25% di possibilità di vincere, ma il 100% di farsi pubblicità. Mi fa incazzare come tantissimi scelgano di farsi pubblicità negativa... Passare per lo stronzo che vuole inculare gli altri non mi sembra una grande strategia (anche se oggi è molto apprezzato anche in politica).
Una cosa che mi ha colpito (sia in quello di Barbieri che in quello di Borghese) è che la stronzaggine diminuisce e i voti reciproci si alzano tanto più ci si allontana da Milano: c'era una puntata ambientata mi sembra in Trentino in cui gli albergatori si riempivano di complimenti per tutto il tempo, giustificandosi a vicenda scelte e piccoli errori.
Ultima cosa: avevo letto da qualche parte che nella versione per i ristoranti (dopo l'iscrizione iniziale) la registrazione della puntata avviene quasi a sorpresa, dando pochissimo tempo per preparare le cose in maniera ""speciale"".",it,it,9857317486698437323,9710167336161827429,1
1.0,reddit,"Esistono, si chiamano motorini.","Ieri volevo fare una salita abbastanza ripida con la bicicletta. Nonostante la marcia 1 e il fatto che la bici fosse elettrica, non riuscivo a fare più di 50 metri alla volta senza dovermi fermare a riposare e riprendere fiato. Perché i motori delle bici elettriche li fanno solo da 250W?",it,it,3068120937538407847,4965629302488236431,1
1.0,reddit,E prendere 10mila likes,Quanto cazzo mi manca lo Squat. Se non riprendo a farlo subito andranno a puttane i miei sogni di avere un bel big booty e fare la instagram thot,it,it,18442444235143661767,14917732181303677040,1
2.0,twitter,@USER VOMITOOO,@USER E pulitevi il nero **,it,it,10179466096040653895,5089949348811797788,both
2.0,twitter,@USER  @USER Sogno un mondo senza diritti delle donne da preservare a parole.,"@USER Mah. Credo che alla fine vincerà perchè il #PD inseguendo la DX, vuole a tutti i costi una donna. Anche se significa tornare indietro di decenni in quanto a principi politici.",it,it,7077464038722397556,15382323096996773536,1
1.0,twitter,@USER Ma solo fino a domenica,"Potrei aver assistito alla pubblicità di un noto brand italiano di poltrone che regala la consegna a chi va in negozio a cantare l’inno di Mameli, possibile?",it,it,16741842899233870764,13572507177613064947,1
1.0,reddit,Quindi nessun caso? Mi sembra corretto,"Da oggi niente più battute sull’esistenza del Molise.
Primo caso di coronavirus in Molise",it,it,9465862692827221310,3503965128142632670,1
2.0,twitter,@USER  @USER ??‍♀️??‍♀️??‍♀️??????? io solo le palle abla!!! ???‍♀️????,@USER ????❤️❤️ bella!!! Io ho direttamente l'albero con le palline ????,it,it,12611090753383508244,7674526256062103963,1
1.0,reddit,"Questo accadrà quando un affitto, monolocale in campagna costerà 8000k come minimo","Questi articoli saranno utili quando diranno: “Ciccio spa offre 3k netti e non trova nessuno” (forse).
Le aziende sono brave a lamentarsi, ma a cacciare il grano non ci pensano nemmeno per sbaglio.",it,it,17823984331570032808,1538089066793913465,1
1.0,twitter,@USER Buongiorno Doluccia ?,"Quando c'era Draghi stavamo tutti bene, non c'erano problemi, avevamo soldi in abbondanza e soprattutto tanta libertà.
Ora siamo più poveri, abbiamo il problema di dover pagare senza carta e girare con 5000€ in tasca, non siamo liberi.
Ve c'hanno mai mannato a quer paese?",it,it,6595978306315147572,8358391091025621903,both
1.0,twitter,@USER  @USER  @USER ora mi son ricordato del perché l’avevo bloccata su Twitter,"Su invio armi Ucraina,  @USER ha usato le stesse identiche parole di @GiuseppeConteIT.",it,it,10901664920334670632,13822166652400774750,1
1.0,reddit,"Fra non capisci se non ti sballi sei un coglione, e la colpa è pure dello stato se compri la droga fatta male! 
Penso che un post più italiano di questo non potesse esserci. Colpa dello stato anche quando compro catrame.",">    decidiamo di comprare dell’erba con l’obiettivo di trascorrere una bella serata guardando un film, giocando al pc, discutendo di massimi sistemi ed interrogandoci sui grandi quesiti dell’esistenza umana
Ah, questa sarebbe stata la “bella serata”...mah.",it,it,2383377363525923279,12986014201666140579,1
1.0,twitter,@USER Dipende: pioveva? ?,Ma al sabato pomeriggio esiste  vita oltre il supermercato?,it,it,12464161284601871249,9245814821330018201,1
2.0,twitter,@USER Grazie cara ?,@USER ??Bellissimo,it,it,9124640536765131923,11413238619310317089,1
1.0,twitter,@USER Si Cola cacava non moria.,Se non ci fosse stato Renzi e il suo 40% alle europee del 2014 Schlein non sarebbe mai stata eletta. Se non ci fosse stata la rottamazione non sarebbe mai stata candidata. Poi ognuno fa le scelte che vuole. Ma la verità storica e che senza Renzi Elly non sarebbe mai stata eletta.,it,it,15780098405348363717,17030439601476513820,1
1.0,twitter,@USER 27 novembre Johnny. 27 novembre!,L’albero si fa l’8 dicembre. Punto. E non ammetto repliche.,it,it,12974457551087977003,15747530743063712103,1
1.0,reddit,"Quindi ne stanno approfittando per mettere il dito nella piaga del danno di immagine subito al made-in-italy. Ma che simpatici. 
Sarebbe da fargli uno spot satirico di risposta con il Foie Coronass, o il loro pregiato vino di Bordeavirux.","Visto che i mods mi hanno cancellato il thread sul feed principale, metto qui questa notizia sui francesi che ci prendono per il culo con uno spot sul Coronavirus:
 URL",it,it,12745862321628508522,1177343897057039844,1
1.0,twitter,@USER coi lego?,"Ignazio #LaRussa: ""Il Ponte di Messina? Io ci credo. Stavolta, se duriamo cinque anni, lo faremo davvero...""

@ultimora_pol",it,it,3219620734550332107,16289562017376735901,1
1.0,reddit,"Off topic
È stupendo vedere da mobile il tuo commento: due linee di testo, un muro bianco a protezione dallo spoiler con un graffito in blu che dice dodici cazzo di anni.","Boyhood.
Il bello è guardarlo senza sapere nulla del film, della storia, degli attori, e soprattutto del tempo impiegato a girarlo. >! Così ho fatto. Poi mentre lo guardavo penso ""però... l'attore dell'adolescente assomiglia davvero parecchio alla sua versione bimbo..."" per poi ritrovarmi lo stesso sguardo nella versione ""diciottenne"". E lì sono andato a leggere wikipedia. Un film girato in dodici cazzo di anni con gli stessi attori, dodici! Tra cui la figlia stessa del regista, per la quale il film diventa una specie di filmino della comunione all'ennesima potenza !<",it,it,10156499856735862881,3339707236184579349,1
1.0,reddit,"RIP tutto coloro che han preso l'aereo con la signora in questione.
ps. Qingtian è la città patria di un buon 30-40% di cinesi in Italia.","> Cina, primo caso di contagio dall'Italia
> La provincia cinese orientale dello Zhejiang segna il primo caso di ""contagio di ritorno"" del coronavirus dall'Italia, dopo quelli quasi tutti legati all'Iran di Pechino, del Guangdong e della regione autonoma Ningxia Hui. La commissione sanitaria locale, scrive il Global Times, ha riferito che la positività ai test è  maturata ieri: Wang, questo il cognome della donna di 31 anni, era rientrata da Milano a Qingtian, contea della Zhejiang, il 28 febbraio. La paziente ha preso medicine dal 16 febbraio ai primi sintomi di febbre, tosse e diarrea.
Stiamo raggiungendo vette mai sognate prima.",it,it,15575434636993376046,5101907416060788998,both
1.0,twitter,"@USER What about "" pena di morte "" ?","Matteo #Salvini: ""Credo che una forma di servizio civile e di servizio militare universale, ovviamente al passo con i tempi, possa essere ripensata""

@ultimora_pol",it,it,1916766962887467774,3350946302145633004,1
2.0,twitter,"@USER Hai ragione , sto invecchiando infatti se devo mandare qualcuno a scopare il mare lo faccio, tu invece resterai sempre una ragazza per me. Lo sai",@USER Tesoro guarda che anche a te si sta scaldando l’acqua,it,it,889284547619607790,6155881164944029637,1
1.0,twitter,@USER E se dovessi usare due parole positive?,Se dovessi descrivermi in due parole direi povera illusa. O povera troia. O povera scema...,it,it,17479721190807096131,12068029760884030427,1
2.0,twitter,@USER  @USER Ma che programma guardi … QUARK?! No perche’ di geni non ne vedo li dentro eh?!,"@USER Oriana, a parere mio, da paracula che è  fa' discussione solo mezza nuda e da vestita è  invisibile..  Appunto paracula! Ma veramente abbiamo bisogno di sciacquette in tv?",it,it,1291303220408550946,11541223796716888191,1
1.0,reddit,Ricordati di spezzare le penne all'inizio.,"Proverò la carbonara fatta in quel modo. Ma con le penne, perché gli spaghetti mi fanno cagare",it,it,17823966594001094184,7083075869596841860,1
2.0,twitter,@USER Brava buona domenica pomeriggio ??,"@USER Siamo in inverno, la dieta la facciamo da Giugno in poi ???? buona domenica",it,it,7398853076098751265,5457906790660648717,both
1.0,twitter,@USER  @USER meglio tardi che mai....,"Ho sempre seguito con grande simpatia le trasmissioni di  @USER , consapevole dello spirito e della ricerca di spettacolarizzazione visti anche i folcloristici ospiti a cui si affida, sinceramente sono rimasto molto deluso dalle sue parole sulla Juve,forse sono state le ⬇️",it,it,7754360763127710932,2230522181288609045,1
1.0,reddit,Intendi dove tu vivi o qui dentro?,"Buon giorno. Non so voi ma qui hanno di nuovo fatto lo switch su “Moriremo tutti “
Isteria portami via proprio",it,it,342223438757884880,10550902692526024244,1
2.0,twitter,"@USER Complimenti, uomo di lucide visioni","2/2
Durante la pandemia,il proprietario del National Media Group ha trascorso ""ore"" con Putin discutendo del crescente conflitto con l'Occidente, della storia della Russia e dei loro interessi comuni,hanno detto fonti dell'intelligence russa e l'entourage dell'uomo d'affari.",it,it,17328664774127613557,15879074383938156795,1
1.0,twitter,@USER Poi sono andati tutti a prendere un arlecchino alla mescita,"#Camera
Respinto in commissione un emendamento di AVS per modificare il nome del ""Ministro del Made in Italy"" in ""Ministero del fare italiano""

@ultimora_pol",it,it,15982263481369371349,8374295896122236596,1
1.0,twitter,@USER Le mamme,Cosa cambiereste della scuola italiana?,it,it,11852543729129438733,17339294608730999472,1
1.0,reddit,"da quando ho scoperto Jdownloader mi rippo siti interi, ho piu di 4Tb di roba. dovrò costruire un NAS solo per il porno e iniziare a vendere l'accesso in VPN","Un quarto TB in 7 anni???? Sei stato molto ""choosy""",it,it,6188733302823854428,2572014533198106852,1
1.0,reddit,"Eh certo, chi non ha avuto la possibilità di studiare deve morire. Senza contare che succede lo stesso ai laureati, quindi vabbè, ti sei qualificato da solo.",inserire rant di chi solo con il diploma del liceo è costretto a lavorare sottopagato da Amazon e pretende un lavoro migliore,it,it,11281996805676433697,12334257155664249561,1
1.0,reddit,"ma c'è una differenza importante nella pasta o è solo il brodo? In teoria potresti riempire il brodo di roba e farti qualcosa abbastanza simile ad un ramen anche con le stelline, no?","Fa un po' tristezza il tipo che chiede se in Italia si mangia la pasta nel brodo tipo in Asia e gli vengono menzionati diversi formati di pasta. 
La pastina in brodo è praticamente cibo da ammalato che non puoi paragonare ad eg un ramen.",it,it,17229479003558802502,8001209985061360644,both
1.0,reddit,Mozione su Change.org per sostituire Gottardo con Eva la trans,"Che simpa Eva la trans di codogno, dovrebbero chiamarla piu' spesso.",it,it,5574754218033865932,8534887319949702935,1
1.0,reddit,"Più probabilmente quello ha preso il bimotore di notte e dopo 4 ore si è schiantato, non penso sia una zona stracontrollata una pista di una scuola di volo.",Nessuno ha denunciato il furto di un bimotore da 200.000 euro?,it,it,14893264397112559629,7224537635555146059,1
1.0,reddit,Pensavo che scrollando r/italy sarei stato salvo da faia emburem,"Penso che cucinare certe pietanze al microonde sia la normalità in Giappone. In Tokyo Mirage Sessions #FE, un gioco di ruolo giapponese, una delle combattenti conduce un programma chiamato Microwavin' with Mamorin dove in pratica dovrebbe insegnare a cucinare delle pietanze con il microonde",it,it,1712402958922909474,317983232564555449,1
1.0,twitter,@USER  @USER Piacere a Bettini e a D'Alema.,Quali sono i requisiti richiesti per candidarsi alla carica si segretario del  @USER ?,it,it,10112793462194031420,10896666196851896255,1
1.0,twitter,@USER Secondo me ti svuota il portafoglio.,Stasera io e marito portiamo nipote 11enne a provare il sushi per la prima volta (è il nostro regalo per il suo compleanno)…secondo me torna a casa con la fame ?,it,it,15461750935072353537,903006438056547120,1
1.0,reddit,"Io mi sono  comprato una bicicletta.. fai cardio che è perfetto in un periodo di definizione... Tanto mica vorrai andare in spiaggia con il 20% di massa grassa, no ? :-)",Consigli su workout in casa in questo periodo di palestre chiuse?,it,it,6848272210626843315,17879365350589065680,1
1.0,reddit,Lol wut? Che tranquillità che stanno seminando il panico da gennaio? Chissà come mai account vecchio di 8 giorni. CVD.,Mi manda al manicomio tutta questa tranquillità ostentata dai media.,it,it,9796451987259776883,16670462493773561266,both
2.0,twitter,@USER  @USER Ed essendo più intelligente di loro è anche genico,@USER Però la mozzarella fa il siero,it,it,6139492952631494407,3235436336349621631,1
